person_id,name,email,phone,role_id,bday
1,Jimmy Larson,triciamay@example.com,773-464-0621x7078,2,1979-11-20
2,Cheryl Harris,greenneil@example.org,(594)202-1262,3,1981-12-10
3,James Castro,hillphillip@example.com,432.739.0843x449,1,1955-01-03
4,Michael Woods,antoniowalker@example.net,+1-944-224-2862,5,1946-02-24
5,Bradley Lyons,tracy24@example.net,(618)678-1544,2,1964-10-16
6,Cathy Haynes,vanessa89@example.org,809-489-8758x4422,5,1986-04-04
7,Allison Norman,munozstephanie@example.net,648-849-6787x91407,5,1966-01-06
8,Erica Thompson,amberrogers@example.org,944.622.4706x76248,2,1962-07-20
9,Tara Raymond,biancayates@example.com,+1-542-881-2033x33736,4,1987-11-18
10,Paula Brooks,achristensen@example.com,830.902.2030x239,5,1957-10-20
11,Jacob Novak,vcameron@example.com,001-895-301-6785x14975,2,1970-10-25
12,Robert Peterson,jasonarmstrong@example.net,001-749-279-6959x180,3,1987-05-23
13,Melinda Dickson,gina24@example.com,498-415-3552x77012,5,1962-10-27
14,Beth Oliver,daltonsmith@example.net,001-340-207-2153x6842,2,1965-01-01
15,Aaron Riggs,jasmine17@example.com,8347154933,2,1947-06-24
16,Christina Dunn,zimmermanerica@example.org,(211)972-1655x703,1,1969-09-06
17,Victoria Booth,fpennington@example.net,734.687.4464x9106,1,2001-01-27
18,Joseph Thompson,gstanley@example.com,3412722074,4,1978-12-10
19,Cheryl Austin,qgray@example.com,001-962-425-5310x552,4,1963-08-29
20,Rhonda Henry,ramirezdavid@example.net,849-673-8602,4,1999-02-10
21,Vincent Gomez,jordanhall@example.org,317-680-3555x2299,1,1947-10-22
22,Carolyn Oconnor,louis76@example.org,3599637109,1,1976-03-07
23,Barbara Taylor,bowenronald@example.org,(998)418-2441x80398,4,2005-11-18
24,Sierra Brennan,tinaanderson@example.org,001-579-506-1295,5,1950-02-02
25,Tonya Abbott,christopher83@example.org,+1-279-974-8620x19338,5,1995-06-30
26,Lori Colon,wadeerica@example.com,001-553-967-3492x10279,1,1978-03-09
27,Robin Bryant,frobinson@example.com,+1-333-547-5045,5,1973-10-12
28,Christian Kelley,imelton@example.org,(747)341-5558x2313,5,1975-03-11
29,Krystal Murray,kyletorres@example.net,489-234-3167x21736,3,1953-10-24
30,David Brown,gomezdavid@example.com,001-299-450-5374x6346,2,1947-07-07
31,Laura Miller,john24@example.com,(274)418-6917,3,1966-10-07
32,Jessica Aguilar,xperkins@example.net,(296)686-7610x592,3,1961-09-28
33,Raymond Thomas,mariahouse@example.com,001-878-818-3717x8130,2,1968-09-17
34,Eric Nelson,heatherguerrero@example.org,474-541-6111x205,3,1945-02-13
35,Raymond Rivera,munozkathleen@example.net,+1-567-627-8779x02645,2,1947-03-30
36,Andrea Warner,rjones@example.com,001-576-888-6234x75701,5,1951-02-05
37,Diana Sheppard,ecowan@example.com,(648)984-1132,4,1944-08-13
38,Amy Booth,kristajohnson@example.org,844-782-9736x27503,2,1954-09-09
39,Jacqueline Stewart,shawnchang@example.net,+1-379-251-3200x657,4,1970-05-21
40,Timothy Lopez,collinscrystal@example.org,528-408-1985x327,3,1944-11-18
41,Joanna Wagner,joseph80@example.net,+1-832-546-5727,1,1999-11-29
42,Jose Sullivan,brussell@example.net,(717)323-3870,3,1960-11-13
43,Karla Santiago,patrickthomas@example.org,809.777.6140x157,3,1995-06-08
44,Sandra Ruiz,inorris@example.org,+1-693-424-0669x9711,4,1986-11-14
45,Grant King,uwalker@example.net,998-595-2483x875,4,2006-01-04
46,Mary Jennings,cjackson@example.com,(486)638-7261x2989,4,1951-01-14
47,Sheila Martinez,zcruz@example.com,+1-531-539-3669x6210,2,1986-01-23
48,Mary Gomez,jhouston@example.net,(422)673-7191x631,4,1995-09-08
49,Tony Taylor,jennifer56@example.org,+1-274-775-9767x976,4,1983-04-10
50,Mary Glenn,shawn86@example.com,(639)889-7651x294,3,1990-03-27
51,Jeremy Mcconnell,kellycortez@example.org,+1-865-812-4120x337,2,1951-10-08
52,Melvin Christensen,kperry@example.com,6817533450,3,1994-02-19
53,Mark Williams,smithmeghan@example.com,+1-808-743-1681x30322,2,1946-09-16
54,Jennifer Wilson,deborahpennington@example.com,001-305-217-7607x1865,4,1967-05-25
55,Lauren Carpenter,dawnjackson@example.com,(524)433-8087,1,1952-08-18
56,Cory Brooks,franklinderek@example.com,001-217-219-8059x01468,5,1996-12-15
57,Francisco Hayden,davidlopez@example.com,001-570-306-3267,2,1944-06-26
58,Johnny Fox,robinsalinas@example.com,830.890.5073x8404,4,1963-03-30
59,Justin Zhang,zholland@example.net,469.667.7905,2,1946-03-08
60,Mr. Terry Davis,crystal94@example.net,424-608-1197x64455,3,1957-04-19
61,Eugene Reeves,heather45@example.net,+1-668-363-9973x67539,4,1969-01-31
62,Hailey Farmer,farias@example.org,9335794346,1,1953-08-27
63,Ms. Barbara Campbell,jamesboyer@example.org,+1-473-586-4821,4,1974-04-02
64,William Blackburn,dadams@example.org,(561)715-0431,5,1974-10-02
65,Adam Mitchell,alexander90@example.com,585.766.8555x41533,3,1976-07-05
66,Edward Shah,valenzuelatricia@example.org,+1-452-439-8160x586,1,1980-08-09
67,Linda Alvarado,chenmaria@example.net,(393)800-5554x6477,4,1968-10-03
68,Andrew Ross,courtneysampson@example.org,384-201-7857x0453,4,1995-09-01
69,Dalton Nelson DDS,thernandez@example.net,001-224-586-0185,1,1958-11-05
70,Dalton Skinner,gboyd@example.net,460-662-9451,2,1970-02-14
71,David Fletcher,matthew78@example.org,001-974-468-9151,1,1965-08-23
72,Cynthia Alvarez,ugarza@example.org,001-231-318-4989x75192,1,1948-02-18
73,Crystal Rice,katelynconner@example.org,371-977-0955x06216,1,1986-02-21
74,Melanie Stephens,richardpayne@example.com,(606)941-4747x94638,3,1966-11-13
75,Traci Cunningham,adamsbrandi@example.com,(581)896-4491x6807,5,1980-12-20
76,Kimberly Fitzpatrick,ronald25@example.com,726-421-4328x96226,1,1995-02-21
77,Warren Bishop,martinezsteven@example.net,511-248-2617,4,1984-09-26
78,Katie Johnson,wooderic@example.org,527.488.3374x1622,2,1944-04-15
79,Mrs. Michelle Ward,timothysims@example.net,(269)993-6296,5,1953-01-12
80,Michael Cooper,samuel96@example.org,001-421-417-5168,4,1961-01-25
81,Norma Stewart,gregory25@example.org,001-720-956-0979x794,4,1968-07-25
82,Edward Rose,craigpalmer@example.com,001-876-819-7562x77629,1,1990-01-08
83,Matthew Rivera,joshuajohnson@example.org,(421)407-2860x18031,3,1953-12-20
84,Paul Holloway,kimberlygrant@example.com,(476)315-3077,1,1967-03-31
85,Kayla Kidd,anne89@example.com,986.904.5515x502,5,1958-05-14
86,Walter Schmidt,clintonjones@example.org,(774)540-5919x325,4,1987-12-28
87,Vincent Newton,yvillanueva@example.org,(418)919-2203,5,1991-08-22
88,Anthony Whitehead,hamiltonbob@example.org,+1-329-677-2972x4066,4,1986-01-01
89,Janet Rios,stacey44@example.net,001-305-756-0320x64770,5,2000-04-29
90,Matthew Kennedy,david99@example.net,7366080577,5,1981-02-28
91,Kathryn Woods,wandahahn@example.net,001-741-951-5286x44357,4,2005-12-16
92,Courtney Schmidt,laurahayes@example.com,(777)437-0431,5,1974-11-12
93,Mark Meyer,bwilson@example.org,+1-830-946-5779x0313,5,1968-10-18
94,Kathleen Palmer,novakjennifer@example.net,+1-470-642-9937x294,5,1968-04-12
95,Karen Patrick,youngriley@example.com,+1-602-551-6265x27783,2,1988-05-23
96,Deanna Warner,ohorn@example.net,001-768-922-2610x4508,1,1977-08-12
97,Mary Stokes,bcrosby@example.org,001-773-309-8427,4,1980-10-17
98,Emily Simmons,benjaminmurphy@example.com,442.815.1843,5,1991-11-04
99,Brian Castro,parklisa@example.org,+1-695-453-1535,1,1963-08-30
100,Timothy Foster,kayla75@example.com,842-572-4395x688,5,1983-05-29